id,key,name,custom,orderable,navigable,searchable,clauseNames,type,type_id,schema_type,schema_custom,schema_customId,schema_system,schema_configuration
parent,parent,Parent,False,False,True,False,parent,,,,,0.0,,
customfield_10070,customfield_10070,Technology,True,True,True,True,"cf[10070], Technology, Technology[Dropdown]",PROJECT,10003,option,com.atlassian.jira.plugin.system.customfieldtypes:select,10070.0,,
customfield_10071,customfield_10071,Task Type,True,True,True,True,"cf[10071], Task Type, Task Type[Dropdown]",PROJECT,10003,option,com.atlassian.jira.plugin.system.customfieldtypes:select,10071.0,,
customfield_10072,customfield_10072,Technology,True,True,True,True,"cf[10072], Technology, Technology[Checkboxes]",PROJECT,10003,array,com.atlassian.jira.plugin.system.customfieldtypes:multicheckboxes,10072.0,,
customfield_10073,customfield_10073,Delay Reason,True,True,True,True,"cf[10073], Delay Reason, Delay Reason[Short text]",PROJECT,10003,string,com.atlassian.jira.plugin.system.customfieldtypes:textfield,10073.0,,
customfield_10074,customfield_10074,Technology,True,True,True,True,"cf[10074], Technology, Technology[Checkboxes]",PROJECT,10014,array,com.atlassian.jira.plugin.system.customfieldtypes:multicheckboxes,10074.0,,
customfield_10075,customfield_10075,Completion Date,True,True,True,True,"cf[10075], Completion Date, Completion Date[Date]",PROJECT,10014,date,com.atlassian.jira.plugin.system.customfieldtypes:datepicker,10075.0,,
customfield_10076,customfield_10076,Expected Hours,True,True,True,True,"cf[10076], Expected Hours, Expected Hours[Number]",PROJECT,10014,number,com.atlassian.jira.plugin.system.customfieldtypes:float,10076.0,,
customfield_10077,customfield_10077,Actual Hours,True,True,True,True,"Actual Hours, Actual Hours[Number], cf[10077]",PROJECT,10014,number,com.atlassian.jira.plugin.system.customfieldtypes:float,10077.0,,
customfield_10078,customfield_10078,Delay reason,True,True,True,True,"cf[10078], Delay reason, Delay reason[Short text]",PROJECT,10014,string,com.atlassian.jira.plugin.system.customfieldtypes:textfield,10078.0,,
statusCategory,statusCategory,Status Category,False,False,True,True,statusCategory,,,,,0.0,,
customfield_10079,customfield_10079,Task Type,True,True,True,True,"cf[10079], Task Type, Task Type[Dropdown]",PROJECT,10014,option,com.atlassian.jira.plugin.system.customfieldtypes:select,10079.0,,
resolution,resolution,Resolution,False,True,True,True,resolution,,,resolution,,0.0,resolution,
lastViewed,lastViewed,Last Viewed,False,False,True,False,lastViewed,,,datetime,,0.0,lastViewed,
customfield_10060,customfield_10060,Expected Hours,True,True,True,True,"cf[10060], Expected Hours, Expected Hours[Number]",PROJECT,10003,number,com.atlassian.jira.plugin.system.customfieldtypes:float,10060.0,,
customfield_10061,customfield_10061,Actual Hours,True,True,True,True,"Actual Hours, Actual Hours[Number], cf[10061]",PROJECT,10003,number,com.atlassian.jira.plugin.system.customfieldtypes:float,10061.0,,
customfield_10062,customfield_10062,Completion Date,True,True,True,True,"cf[10062], Completion Date, Completion Date[Date]",PROJECT,10003,date,com.atlassian.jira.plugin.system.customfieldtypes:datepicker,10062.0,,
customfield_10063,customfield_10063,Start Date,True,True,True,True,"cf[10063], Start Date, Start Date[Date]",PROJECT,10011,date,com.atlassian.jira.plugin.system.customfieldtypes:datepicker,10063.0,,
customfield_10064,customfield_10064,Due Date,True,True,True,True,"cf[10064], Due Date, Due Date[Date]",PROJECT,10011,date,com.atlassian.jira.plugin.system.customfieldtypes:datepicker,10064.0,,
customfield_10065,customfield_10065,Expected Hours,True,True,True,True,"cf[10065], Expected Hours, Expected Hours[Number]",PROJECT,10011,number,com.atlassian.jira.plugin.system.customfieldtypes:float,10065.0,,
customfield_10066,customfield_10066,Actual Hours,True,True,True,True,"Actual Hours, Actual Hours[Number], cf[10066]",PROJECT,10011,number,com.atlassian.jira.plugin.system.customfieldtypes:float,10066.0,,
customfield_10067,customfield_10067,Technology,True,True,True,True,"cf[10067], Technology, Technology[Dropdown]",PROJECT,10018,option,com.atlassian.jira.plugin.system.customfieldtypes:select,10067.0,,
customfield_10068,customfield_10068,Completion Date,True,True,True,True,"cf[10068], Completion Date, Completion Date[Date]",PROJECT,10012,date,com.atlassian.jira.plugin.system.customfieldtypes:datepicker,10068.0,,
customfield_10069,customfield_10069,Actual Hours,True,True,True,True,"Actual Hours, Actual Hours[Number], cf[10069]",PROJECT,10012,number,com.atlassian.jira.plugin.system.customfieldtypes:float,10069.0,,
labels,labels,Labels,False,True,True,True,labels,,,array,,0.0,labels,
aggregatetimeoriginalestimate,aggregatetimeoriginalestimate,Σ Original Estimate,False,False,True,False,,,,number,,0.0,aggregatetimeoriginalestimate,
issuelinks,issuelinks,Linked Issues,False,True,True,True,issueLink,,,array,,0.0,issuelinks,
assignee,assignee,Assignee,False,True,True,True,assignee,,,user,,0.0,assignee,
components,components,Components,False,True,True,True,component,,,array,,0.0,components,
customfield_10170,customfield_10170,Due Date,True,True,True,True,"cf[10170], Due Date, Due Date[Date]",PROJECT,10038,date,com.atlassian.jira.plugin.system.customfieldtypes:datepicker,10170.0,,
customfield_10171,customfield_10171,Completion Date,True,True,True,True,"cf[10171], Completion Date, Completion Date[Date]",PROJECT,10038,date,com.atlassian.jira.plugin.system.customfieldtypes:datepicker,10171.0,,
customfield_10050,customfield_10050,Test plan,True,True,True,True,"cf[10050], Test plan, Test plan[Paragraph]",,,string,com.atlassian.jira.plugin.system.customfieldtypes:textarea,10050.0,,
customfield_10172,customfield_10172,Delay Reason,True,True,True,True,"cf[10172], Delay Reason, Delay Reason[Short text]",PROJECT,10038,string,com.atlassian.jira.plugin.system.customfieldtypes:textfield,10172.0,,
customfield_10051,customfield_10051,Source,True,True,True,True,"cf[10051], Source, Source[Dropdown]",,,option,com.atlassian.jira.plugin.system.customfieldtypes:select,10051.0,,
customfield_10173,customfield_10173,Actual Hours,True,True,True,True,"Actual Hours, Actual Hours[Number], cf[10173]",PROJECT,10038,number,com.atlassian.jira.plugin.system.customfieldtypes:float,10173.0,,
customfield_10052,customfield_10052,Investigation reason,True,True,True,True,"cf[10052], Investigation reason, Investigation reason[Dropdown]",,,option,com.atlassian.jira.plugin.system.customfieldtypes:select,10052.0,,
customfield_10174,customfield_10174,Expected Hours,True,True,True,True,"cf[10174], Expected Hours, Expected Hours[Number]",PROJECT,10038,number,com.atlassian.jira.plugin.system.customfieldtypes:float,10174.0,,
customfield_10053,customfield_10053,Root cause,True,True,True,True,"cf[10053], Root cause, Root cause[Paragraph]",,,string,com.atlassian.jira.plugin.system.customfieldtypes:textarea,10053.0,,
customfield_10054,customfield_10054,Workaround,True,True,True,True,"cf[10054], Workaround, Workaround[Paragraph]",,,string,com.atlassian.jira.plugin.system.customfieldtypes:textarea,10054.0,,
customfield_10055,customfield_10055,Time to resolution,True,True,True,True,"cf[10055], Time to resolution",,,sd-servicelevelagreement,com.atlassian.servicedesk:sd-sla-field,10055.0,,
customfield_10056,customfield_10056,Time to first response,True,True,True,True,"cf[10056], Time to first response",,,sd-servicelevelagreement,com.atlassian.servicedesk:sd-sla-field,10056.0,,
customfield_10057,customfield_10057,Time to close after resolution,True,True,True,True,"cf[10057], Time to close after resolution",,,sd-servicelevelagreement,com.atlassian.servicedesk:sd-sla-field,10057.0,,
customfield_10058,customfield_10058,Time to review normal change,True,True,True,True,"cf[10058], Time to review normal change",,,sd-servicelevelagreement,com.atlassian.servicedesk:sd-sla-field,10058.0,,
customfield_10059,customfield_10059,Category,True,True,True,True,"Category[Category], cf[10059]",,,option,com.atlassian.jira.plugin.system.customfieldtypes:jwm-category,10059.0,,
customfield_10049,customfield_10049,Backout plan,True,True,True,True,"Backout plan, Backout plan[Paragraph], cf[10049]",,,string,com.atlassian.jira.plugin.system.customfieldtypes:textarea,10049.0,,
subtasks,subtasks,Sub-tasks,False,False,True,False,subtasks,,,array,,0.0,subtasks,
customfield_10160,customfield_10160,Due Date,True,True,True,True,"cf[10160], Due Date, Due Date[Date]",PROJECT,10038,date,com.atlassian.jira.plugin.system.customfieldtypes:datepicker,10160.0,,
customfield_10040,customfield_10040,Approver groups,True,True,True,True,"Approver groups, Approver groups[Group Picker (multiple groups)], cf[10040]",,,array,com.atlassian.jira.plugin.system.customfieldtypes:multigrouppicker,10040.0,,
customfield_10161,customfield_10161,Completion Date,True,True,True,True,"cf[10161], Completion Date, Completion Date[Date]",PROJECT,10038,date,com.atlassian.jira.plugin.system.customfieldtypes:datepicker,10161.0,,
customfield_10162,customfield_10162,Expected Hours,True,True,True,True,"cf[10162], Expected Hours, Expected Hours[Number]",PROJECT,10038,number,com.atlassian.jira.plugin.system.customfieldtypes:float,10162.0,,
customfield_10041,customfield_10041,Pending reason,True,True,True,True,"cf[10041], Pending reason, Pending reason[Dropdown]",,,option,com.atlassian.jira.plugin.system.customfieldtypes:select,10041.0,,
customfield_10163,customfield_10163,Actual Hours,True,True,True,True,"Actual Hours, Actual Hours[Number], cf[10163]",PROJECT,10038,number,com.atlassian.jira.plugin.system.customfieldtypes:float,10163.0,,
customfield_10042,customfield_10042,Major incident,True,True,True,True,"cf[10042], Major incident",,,string,com.atlassian.jira.modules.servicemanagement.major-incident-entity:major-incident-entity-field-cftype,10042.0,,
customfield_10164,customfield_10164,Delay Reason,True,True,True,True,"cf[10164], Delay Reason, Delay Reason[Short text]",PROJECT,10038,string,com.atlassian.jira.plugin.system.customfieldtypes:textfield,10164.0,,
customfield_10043,customfield_10043,Responders,True,True,True,True,,,,array,com.atlassian.jira.modules.servicemanagement.responders-entity:responders-entity-field-cftype,10043.0,,
reporter,reporter,Reporter,False,True,True,True,reporter,,,user,,0.0,reporter,
customfield_10044,customfield_10044,Severity,True,True,True,True,"cf[10044], Severity, Severity[Dropdown]",,,option,com.atlassian.jira.plugin.system.customfieldtypes:select,10044.0,,
customfield_10165,customfield_10165,Start Date,True,True,True,True,"cf[10165], Start Date, Start Date[Date]",PROJECT,10038,date,com.atlassian.jira.plugin.system.customfieldtypes:datepicker,10165.0,,
customfield_10045,customfield_10045,Affected hardware,True,True,True,True,"Affected hardware, Affected hardware[Short text], cf[10045]",,,string,com.atlassian.jira.plugin.system.customfieldtypes:textfield,10045.0,,
customfield_10166,customfield_10166,Due Date,True,True,True,True,"cf[10166], Due Date, Due Date[Date]",PROJECT,10038,date,com.atlassian.jira.plugin.system.customfieldtypes:datepicker,10166.0,,
customfield_10167,customfield_10167,Original Estimate,True,True,True,True,"cf[10167], Original Estimate, Original Estimate[Time stamp]",PROJECT,10038,datetime,com.atlassian.jira.plugin.system.customfieldtypes:datetime,10167.0,,
customfield_10046,customfield_10046,Planned start,True,True,True,True,"cf[10046], Planned start, Planned start[Time stamp]",,,datetime,com.atlassian.jira.plugin.system.customfieldtypes:datetime,10046.0,,
customfield_10047,customfield_10047,Planned end,True,True,True,True,"cf[10047], Planned end, Planned end[Time stamp]",,,datetime,com.atlassian.jira.plugin.system.customfieldtypes:datetime,10047.0,,
customfield_10168,customfield_10168,Time Tracking,True,True,True,True,"cf[10168], Time Tracking, Time Tracking[Time stamp]",PROJECT,10038,datetime,com.atlassian.jira.plugin.system.customfieldtypes:datetime,10168.0,,
customfield_10048,customfield_10048,Implementation plan,True,True,True,True,"cf[10048], Implementation plan, Implementation plan[Paragraph]",,,string,com.atlassian.jira.plugin.system.customfieldtypes:textarea,10048.0,,
customfield_10169,customfield_10169,Start Date,True,True,True,True,"cf[10169], Start Date, Start Date[Date]",PROJECT,10038,date,com.atlassian.jira.plugin.system.customfieldtypes:datepicker,10169.0,,
customfield_10159,customfield_10159,Start Date,True,True,True,True,"cf[10159], Start Date, Start Date[Date]",PROJECT,10038,date,com.atlassian.jira.plugin.system.customfieldtypes:datepicker,10159.0,,
customfield_10038,customfield_10038,Urgency,True,True,True,True,"cf[10038], Urgency, Urgency[Dropdown]",,,option,com.atlassian.jira.plugin.system.customfieldtypes:select,10038.0,,
customfield_10039,customfield_10039,Affected services,True,True,True,True,"Affected services, cf[10039]",,,array,com.atlassian.jira.plugins.service-entity:service-entity-field-cftype,10039.0,,
progress,progress,Progress,False,False,True,False,progress,,,progress,,0.0,progress,
votes,votes,Votes,False,False,True,False,votes,,,votes,,0.0,votes,
worklog,worklog,Log Work,False,True,False,True,,,,array,,0.0,worklog,
issuetype,issuetype,Issue Type,False,True,True,True,"issuetype, type",,,issuetype,,0.0,issuetype,
customfield_10151,customfield_10151,Actual Hours,True,True,True,True,"Actual Hours, Actual Hours[Number], cf[10151]",PROJECT,10019,number,com.atlassian.jira.plugin.system.customfieldtypes:float,10151.0,,
customfield_10030,customfield_10030,Total forms,True,True,True,True,"cf[10030], Total forms",,,number,com.atlassian.jira.plugins.proforma-managed-fields:forms-total-field-cftype,10030.0,,
customfield_10152,customfield_10152,Estimated Hours,True,True,True,True,"cf[10152], Estimated Hours, Estimated Hours[Number]",PROJECT,10019,number,com.atlassian.jira.plugin.system.customfieldtypes:float,10152.0,,
customfield_10031,customfield_10031,Work category,True,True,True,True,"cf[10031], Work category",,,string,com.atlassian.jira.plugins.work-category-field:work-category-field-cftype,10031.0,,
project,project,Project,False,False,True,True,project,,,project,,0.0,project,
customfield_10032,customfield_10032,Approvals,True,True,True,True,"Approvals, Approvals[Approvals], cf[10032]",,,sd-approvals,com.atlassian.servicedesk.approvals-plugin:sd-approvals,10032.0,,
customfield_10153,com.atlassian.atlas.jira__project-key,Project overview key,True,True,True,True,"cf[10153], Project overview key",,,string,read-only-string-issue-field,10153.0,,
customfield_10154,com.atlassian.atlas.jira__project-status,Project overview status,True,True,True,True,"cf[10154], Project overview status",,,string,read-only-string-issue-field,10154.0,,
customfield_10033,customfield_10033,Request participants,True,True,True,True,"cf[10033], Request participants",,,array,com.atlassian.servicedesk:sd-request-participants,10033.0,,
customfield_10155,customfield_10155,Original estimate,True,True,True,True,"cf[10155], Original estimate, Original estimate[Time stamp]",PROJECT,10038,datetime,com.atlassian.jira.plugin.system.customfieldtypes:datetime,10155.0,,
customfield_10034,customfield_10034,Satisfaction,True,True,True,True,"cf[10034], Satisfaction",,,sd-feedback,com.atlassian.servicedesk:sd-request-feedback,10034.0,,
customfield_10035,customfield_10035,Satisfaction date,True,True,True,True,"cf[10035], Satisfaction date",,,datetime,com.atlassian.servicedesk:sd-request-feedback-date,10035.0,,
customfield_10156,customfield_10156,Time Tracking,True,True,True,True,"cf[10156], Time Tracking, Time Tracking[Time stamp]",PROJECT,10038,datetime,com.atlassian.jira.plugin.system.customfieldtypes:datetime,10156.0,,
customfield_10036,customfield_10036,Story Points,True,True,True,True,"cf[10036], Story Points, Story Points[Number]",,,number,com.atlassian.jira.plugin.system.customfieldtypes:float,10036.0,,
customfield_10157,customfield_10157,Time Tracking,True,True,True,True,"cf[10157], Time Tracking, Time Tracking[Time stamp]",PROJECT,10038,datetime,com.atlassian.jira.plugin.system.customfieldtypes:datetime,10157.0,,
customfield_10037,customfield_10037,Request language,True,True,True,True,"cf[10037], Request language",,,sd-request-lang,com.atlassian.servicedesk.servicedesk-lingo-integration-plugin:sd-request-language,10037.0,,
customfield_10158,customfield_10158,Urgency,True,True,True,True,"cf[10158], Urgency, Urgency[Dropdown]",PROJECT,10038,option,com.atlassian.jira.plugin.system.customfieldtypes:select,10158.0,,
customfield_10148,customfield_10148,Estimated Hours,True,True,True,True,"cf[10148], Estimated Hours, Estimated Hours[Number]",PROJECT,10023,number,com.atlassian.jira.plugin.system.customfieldtypes:float,10148.0,,
customfield_10027,customfield_10027,Locked forms,True,True,True,True,"cf[10027], Locked forms",,,number,com.atlassian.jira.plugins.proforma-managed-fields:forms-locked-field-cftype,10027.0,,
customfield_10028,customfield_10028,Open forms,True,True,True,True,"cf[10028], Open forms",,,number,com.atlassian.jira.plugins.proforma-managed-fields:forms-open-field-cftype,10028.0,,
customfield_10029,customfield_10029,Submitted forms,True,True,True,True,"cf[10029], Submitted forms",,,number,com.atlassian.jira.plugins.proforma-managed-fields:forms-submitted-field-cftype,10029.0,,
resolutiondate,resolutiondate,Resolved,False,False,True,True,"resolutiondate, resolved",,,datetime,,0.0,resolutiondate,
watches,watches,Watchers,False,False,True,False,watchers,,,watches,,0.0,watches,
customfield_10140,customfield_10140,Vulnerability,True,True,True,True,"cf[10140], Vulnerability",,,any,com.atlassian.jira.plugins.jira-development-integration-plugin:vulnerabilitycf,10140.0,,
customfield_10141,customfield_10141,Actual Hours,True,True,True,True,"Actual Hours, Actual Hours[Number], cf[10141]",PROJECT,10023,number,com.atlassian.jira.plugin.system.customfieldtypes:float,10141.0,,
customfield_10020,customfield_10020,Sprint,True,True,True,True,"cf[10020], Sprint",,,array,com.pyxis.greenhopper.jira:gh-sprint,10020.0,,
customfield_10142,customfield_10142,Estimated Hours,True,True,True,True,"cf[10142], Estimated Hours, Estimated Hours[Number]",PROJECT,10023,number,com.atlassian.jira.plugin.system.customfieldtypes:float,10142.0,,
customfield_10021,customfield_10021,Flagged,True,True,True,True,"cf[10021], Flagged, Flagged[Checkboxes]",,,array,com.atlassian.jira.plugin.system.customfieldtypes:multicheckboxes,10021.0,,
customfield_10143,customfield_10143,Actual Hours,True,True,True,True,"Actual Hours, Actual Hours[Number], cf[10143]",PROJECT,10023,number,com.atlassian.jira.plugin.system.customfieldtypes:float,10143.0,,
customfield_10022,customfield_10022,Target start,True,True,True,True,"cf[10022], Target start",,,date,com.atlassian.jpo:jpo-custom-field-baseline-start,10022.0,,
customfield_10144,customfield_10144,Estimated Hours,True,True,True,True,"cf[10144], Estimated Hours, Estimated Hours[Number]",PROJECT,10023,number,com.atlassian.jira.plugin.system.customfieldtypes:float,10144.0,,
customfield_10023,customfield_10023,Target end,True,True,True,True,"cf[10023], Target end",,,date,com.atlassian.jpo:jpo-custom-field-baseline-end,10023.0,,
customfield_10145,customfield_10145,Actual Hours,True,True,True,True,"Actual Hours, Actual Hours[Number], cf[10145]",PROJECT,10023,number,com.atlassian.jira.plugin.system.customfieldtypes:float,10145.0,,
customfield_10024,customfield_10024,[CHART] Date of First Response,True,True,True,True,"[CHART] Date of First Response, [CHART] Date of First Response[Date of first response], cf[10024]",,,datetime,com.atlassian.jira.ext.charting:firstresponsedate,10024.0,,
customfield_10146,customfield_10146,Estimated Hours,True,True,True,True,"cf[10146], Estimated Hours, Estimated Hours[Number]",PROJECT,10023,number,com.atlassian.jira.plugin.system.customfieldtypes:float,10146.0,,
customfield_10025,customfield_10025,[CHART] Time in Status,True,True,True,True,"[CHART] Time in Status, [CHART] Time in Status[Time in Status], cf[10025]",,,any,com.atlassian.jira.ext.charting:timeinstatus,10025.0,,
customfield_10147,customfield_10147,Actual Hours,True,True,True,True,"Actual Hours, Actual Hours[Number], cf[10147]",PROJECT,10023,number,com.atlassian.jira.plugin.system.customfieldtypes:float,10147.0,,
customfield_10137,customfield_10137,Actual Hours,True,True,True,True,"Actual Hours, Actual Hours[Number], cf[10137]",PROJECT,10021,number,com.atlassian.jira.plugin.system.customfieldtypes:float,10137.0,,
customfield_10016,customfield_10016,Story point estimate,True,True,True,True,"cf[10016], Story point estimate",,,number,com.pyxis.greenhopper.jira:jsw-story-points,10016.0,,
customfield_10017,customfield_10017,Issue color,True,True,True,True,"cf[10017], Issue color",,,string,com.pyxis.greenhopper.jira:jsw-issue-color,10017.0,,
customfield_10138,customfield_10138,Urgency,True,True,True,True,"cf[10138], Urgency, Urgency[Dropdown]",PROJECT,10021,option,com.atlassian.jira.plugin.system.customfieldtypes:select,10138.0,,
customfield_10139,customfield_10139,Expected Hours,True,True,True,True,"cf[10139], Expected Hours, Expected Hours[Number]",PROJECT,10021,number,com.atlassian.jira.plugin.system.customfieldtypes:float,10139.0,,
customfield_10018,customfield_10018,Parent Link,True,True,True,True,"cf[10018], Parent Link",,,any,com.atlassian.jpo:jpo-custom-field-parent,10018.0,,
customfield_10019,customfield_10019,Rank,True,True,True,True,"cf[10019], Rank",,,any,com.pyxis.greenhopper.jira:gh-lexo-rank,10019.0,,
updated,updated,Updated,False,False,True,True,"updated, updatedDate",,,datetime,,0.0,updated,
timeoriginalestimate,timeoriginalestimate,Original estimate,False,False,True,False,"originalEstimate, timeoriginalestimate",,,number,,0.0,timeoriginalestimate,
customfield_10130,customfield_10130,Estimated Hours,True,True,True,True,"cf[10130], Estimated Hours, Estimated Hours[Number]",PROJECT,10015,number,com.atlassian.jira.plugin.system.customfieldtypes:float,10130.0,,
description,description,Description,False,True,True,True,description,,,string,,0.0,description,
customfield_10131,customfield_10131,Completion Date,True,True,True,True,"cf[10131], Completion Date, Completion Date[Date]",PROJECT,10021,date,com.atlassian.jira.plugin.system.customfieldtypes:datepicker,10131.0,,
customfield_10010,customfield_10010,Request Type,True,True,True,True,"cf[10010], Request Type",,,sd-customerrequesttype,com.atlassian.servicedesk:vp-origin,10010.0,,
customfield_10132,customfield_10132,Delay Reason,True,True,True,True,"cf[10132], Delay Reason, Delay Reason[Short text]",PROJECT,10021,string,com.atlassian.jira.plugin.system.customfieldtypes:textfield,10132.0,,
customfield_10011,customfield_10011,Epic Name,True,True,True,True,"cf[10011], Epic Name",,,string,com.pyxis.greenhopper.jira:gh-epic-label,10011.0,,
customfield_10133,customfield_10133,Completion Date,True,True,True,True,"cf[10133], Completion Date, Completion Date[Date]",PROJECT,10021,date,com.atlassian.jira.plugin.system.customfieldtypes:datepicker,10133.0,,
customfield_10012,customfield_10012,Epic Status,True,True,True,True,"cf[10012], Epic Status",,,option,com.pyxis.greenhopper.jira:gh-epic-status,10012.0,,
customfield_10134,customfield_10134,Actual Hours,True,True,True,True,"Actual Hours, Actual Hours[Number], cf[10134]",PROJECT,10021,number,com.atlassian.jira.plugin.system.customfieldtypes:float,10134.0,,
customfield_10013,customfield_10013,Epic Color,True,True,True,True,"cf[10013], Epic Color",,,string,com.pyxis.greenhopper.jira:gh-epic-color,10013.0,,
customfield_10135,customfield_10135,Delay Reason,True,True,True,True,"cf[10135], Delay Reason, Delay Reason[Short text]",PROJECT,10021,string,com.atlassian.jira.plugin.system.customfieldtypes:textfield,10135.0,,
customfield_10014,customfield_10014,Epic Link,True,True,True,True,"cf[10014], Epic Link",,,any,com.pyxis.greenhopper.jira:gh-epic-link,10014.0,,
timetracking,timetracking,Time tracking,False,True,False,True,,,,timetracking,,0.0,timetracking,
customfield_10136,customfield_10136,Actual Hours,True,True,True,True,"Actual Hours, Actual Hours[Short text], cf[10136]",PROJECT,10021,string,com.atlassian.jira.plugin.system.customfieldtypes:textfield,10136.0,,
customfield_10015,customfield_10015,Start date,True,True,True,True,"cf[10015], Start date, Start date[Date]",,,date,com.atlassian.jira.plugin.system.customfieldtypes:datepicker,10015.0,,
customfield_10005,customfield_10005,Change type,True,True,True,True,"cf[10005], Change type, Change type[Dropdown]",,,option,com.atlassian.jira.plugin.system.customfieldtypes:select,10005.0,,
customfield_10127,customfield_10127,Actual Hours,True,True,True,True,"Actual Hours, Actual Hours[Number], cf[10127]",PROJECT,10020,number,com.atlassian.jira.plugin.system.customfieldtypes:float,10127.0,,
customfield_10006,customfield_10006,Change risk,True,True,True,True,"cf[10006], Change risk, Change risk[Dropdown]",,,option,com.atlassian.jira.plugin.system.customfieldtypes:select,10006.0,,
customfield_10007,customfield_10007,Change reason,True,True,True,True,"cf[10007], Change reason, Change reason[Dropdown]",,,option,com.atlassian.jira.plugin.system.customfieldtypes:select,10007.0,,
customfield_10128,customfield_10128,Expected Hours,True,True,True,True,"cf[10128], Expected Hours, Expected Hours[Number]",PROJECT,10021,number,com.atlassian.jira.plugin.system.customfieldtypes:float,10128.0,,
customfield_10129,customfield_10129,Actual hours,True,True,True,True,"Actual hours, Actual hours[Number], cf[10129]",PROJECT,10015,number,com.atlassian.jira.plugin.system.customfieldtypes:float,10129.0,,
customfield_10008,customfield_10008,Actual start,True,True,True,True,"Actual start, Actual start[Time stamp], cf[10008]",,,datetime,com.atlassian.jira.plugin.system.customfieldtypes:datetime,10008.0,,
customfield_10009,customfield_10009,Actual end,True,True,True,True,"Actual end, Actual end[Time stamp], cf[10009]",,,datetime,com.atlassian.jira.plugin.system.customfieldtypes:datetime,10009.0,,
summary,summary,Summary,False,True,True,True,summary,,,string,,0.0,summary,
customfield_10000,customfield_10000,Development,True,True,True,True,"cf[10000], development",,,any,com.atlassian.jira.plugins.jira-development-integration-plugin:devsummarycf,10000.0,,
customfield_10001,customfield_10001,Team,True,True,True,True,"cf[10001], Team, Team[Team]",,,team,com.atlassian.jira.plugin.system.customfieldtypes:atlassian-team,10001.0,,{'com.atlassian.jira.plugin.system.customfieldtypes:atlassian-team': True}
customfield_10122,customfield_10122,Time,True,True,True,True,"cf[10122], Time, Time[Time stamp]",PROJECT,10021,datetime,com.atlassian.jira.plugin.system.customfieldtypes:datetime,10122.0,,
customfield_10002,customfield_10002,Organizations,True,True,True,True,"cf[10002], Organizations",,,array,com.atlassian.servicedesk:sd-customer-organizations,10002.0,,
customfield_10003,customfield_10003,Approvers,True,True,True,True,"Approvers, Approvers[User Picker (multiple users)], cf[10003]",,,array,com.atlassian.jira.plugin.system.customfieldtypes:multiuserpicker,10003.0,,
customfield_10004,customfield_10004,Impact,True,True,True,True,"cf[10004], Impact, Impact[Dropdown]",,,option,com.atlassian.jira.plugin.system.customfieldtypes:select,10004.0,,
customfield_10115,customfield_10115,Task Type,True,True,True,True,"cf[10115], Task Type, Task Type[Dropdown]",PROJECT,10020,option,com.atlassian.jira.plugin.system.customfieldtypes:select,10115.0,,
customfield_10116,customfield_10116,Technology,True,True,True,True,"cf[10116], Technology, Technology[Checkboxes]",PROJECT,10020,array,com.atlassian.jira.plugin.system.customfieldtypes:multicheckboxes,10116.0,,
environment,environment,Environment,False,True,True,True,environment,,,string,,0.0,environment,
duedate,duedate,Due date,False,True,True,True,"due, duedate",,,date,,0.0,duedate,
comment,comment,Comment,False,True,False,True,comment,,,comments-page,,0.0,comment,
statuscategorychangedate,statuscategorychangedate,Status Category Changed,False,False,True,True,statusCategoryChangedDate,,,datetime,,0.0,statuscategorychangedate,
customfield_10110,customfield_10110,Technology,True,True,True,True,"cf[10110], Technology, Technology[Checkboxes]",PROJECT,10018,array,com.atlassian.jira.plugin.system.customfieldtypes:multicheckboxes,10110.0,,
fixVersions,fixVersions,Fix versions,False,True,True,True,fixVersion,,,array,,0.0,fixVersions,
customfield_10111,customfield_10111,Expected Hours,True,True,True,True,"cf[10111], Expected Hours, Expected Hours[Number]",PROJECT,10018,number,com.atlassian.jira.plugin.system.customfieldtypes:float,10111.0,,
customfield_10112,customfield_10112,Completion Date,True,True,True,True,"cf[10112], Completion Date, Completion Date[Date]",PROJECT,10018,date,com.atlassian.jira.plugin.system.customfieldtypes:datepicker,10112.0,,
customfield_10113,customfield_10113,Expected Hours,True,True,True,True,"cf[10113], Expected Hours, Expected Hours[Number]",PROJECT,10020,number,com.atlassian.jira.plugin.system.customfieldtypes:float,10113.0,,
customfield_10114,customfield_10114,Completion Date,True,True,True,True,"cf[10114], Completion Date, Completion Date[Date]",PROJECT,10020,date,com.atlassian.jira.plugin.system.customfieldtypes:datepicker,10114.0,,
customfield_10104,customfield_10104,Start Date,True,True,True,True,"cf[10104], Start Date, Start Date[Date]",PROJECT,10010,date,com.atlassian.jira.plugin.system.customfieldtypes:datepicker,10104.0,,
customfield_10105,customfield_10105,Expected Hours,True,True,True,True,"cf[10105], Expected Hours, Expected Hours[Number]",PROJECT,10010,number,com.atlassian.jira.plugin.system.customfieldtypes:float,10105.0,,
customfield_10106,customfield_10106,Start Date,True,True,True,True,"cf[10106], Start Date, Start Date[Date]",PROJECT,10010,date,com.atlassian.jira.plugin.system.customfieldtypes:datepicker,10106.0,,
customfield_10107,customfield_10107,Due Date,True,True,True,True,"cf[10107], Due Date, Due Date[Date]",PROJECT,10010,date,com.atlassian.jira.plugin.system.customfieldtypes:datepicker,10107.0,,
customfield_10108,customfield_10108,Completion Date,True,True,True,True,"cf[10108], Completion Date, Completion Date[Date]",PROJECT,10010,date,com.atlassian.jira.plugin.system.customfieldtypes:datepicker,10108.0,,
customfield_10109,customfield_10109,Expected Hours,True,True,True,True,"cf[10109], Expected Hours, Expected Hours[Number]",PROJECT,10010,number,com.atlassian.jira.plugin.system.customfieldtypes:float,10109.0,,
customfield_10100,customfield_10100,Technology,True,True,True,True,"cf[10100], Technology, Technology[Checkboxes]",PROJECT,10019,array,com.atlassian.jira.plugin.system.customfieldtypes:multicheckboxes,10100.0,,
priority,priority,Priority,False,True,True,True,priority,,,priority,,0.0,priority,
customfield_10101,customfield_10101,Estimated Hours,True,True,True,True,"cf[10101], Estimated Hours, Estimated Hours[Number]",PROJECT,10019,number,com.atlassian.jira.plugin.system.customfieldtypes:float,10101.0,,
customfield_10102,customfield_10102,Completion Date,True,True,True,True,"cf[10102], Completion Date, Completion Date[Date]",PROJECT,10010,date,com.atlassian.jira.plugin.system.customfieldtypes:datepicker,10102.0,,
customfield_10103,customfield_10103,Due Date,True,True,True,True,"cf[10103], Due Date, Due Date[Date]",PROJECT,10010,date,com.atlassian.jira.plugin.system.customfieldtypes:datepicker,10103.0,,
timeestimate,timeestimate,Remaining Estimate,False,False,True,False,"remainingEstimate, timeestimate",,,number,,0.0,timeestimate,
versions,versions,Affects versions,False,True,True,True,affectedVersion,,,array,,0.0,versions,
status,status,Status,False,False,True,True,status,,,status,,0.0,status,
issuekey,issuekey,Key,False,False,True,False,"id, issue, issuekey, key",,,,,0.0,,
aggregatetimeestimate,aggregatetimeestimate,Σ Remaining Estimate,False,False,True,False,,,,number,,0.0,aggregatetimeestimate,
creator,creator,Creator,False,False,True,True,creator,,,user,,0.0,creator,
aggregateprogress,aggregateprogress,Σ Progress,False,False,True,False,,,,progress,,0.0,aggregateprogress,
timespent,timespent,Time Spent,False,False,True,False,timespent,,,number,,0.0,timespent,
aggregatetimespent,aggregatetimespent,Σ Time Spent,False,False,True,False,,,,number,,0.0,aggregatetimespent,
workratio,workratio,Work Ratio,False,False,True,True,workratio,,,number,,0.0,workratio,
issuerestriction,issuerestriction,Restrict to,False,True,False,True,,,,issuerestriction,,0.0,issuerestriction,
thumbnail,thumbnail,Images,False,False,True,False,,,,,,0.0,,
created,created,Created,False,False,True,True,"created, createdDate",,,datetime,,0.0,created,
customfield_10090,customfield_10090,Design,True,True,True,True,"cf[10090], Design",,,array,com.atlassian.jira.plugins.jira-development-integration-plugin:designcf,10090.0,,
customfield_10091,customfield_10091,Technology,True,True,True,True,"cf[10091], Technology, Technology[Checkboxes]",PROJECT,10016,array,com.atlassian.jira.plugin.system.customfieldtypes:multicheckboxes,10091.0,,
customfield_10092,customfield_10092,Completion Date,True,True,True,True,"cf[10092], Completion Date, Completion Date[Date]",PROJECT,10016,date,com.atlassian.jira.plugin.system.customfieldtypes:datepicker,10092.0,,
customfield_10093,customfield_10093,Estimated Hours,True,True,True,True,"cf[10093], Estimated Hours, Estimated Hours[Number]",PROJECT,10016,number,com.atlassian.jira.plugin.system.customfieldtypes:float,10093.0,,
customfield_10094,customfield_10094,Task Type,True,True,True,True,"cf[10094], Task Type, Task Type[Dropdown]",PROJECT,10016,option,com.atlassian.jira.plugin.system.customfieldtypes:select,10094.0,,
customfield_10095,customfield_10095,Actual Hours,True,True,True,True,"Actual Hours, Actual Hours[Number], cf[10095]",PROJECT,10016,number,com.atlassian.jira.plugin.system.customfieldtypes:float,10095.0,,
customfield_10096,customfield_10096,Delay Reason,True,True,True,True,"cf[10096], Delay Reason, Delay Reason[Short text]",PROJECT,10016,string,com.atlassian.jira.plugin.system.customfieldtypes:textfield,10096.0,,
customfield_10097,customfield_10097,Task Type,True,True,True,True,"cf[10097], Task Type, Task Type[Dropdown]",PROJECT,10018,option,com.atlassian.jira.plugin.system.customfieldtypes:select,10097.0,,
customfield_10098,customfield_10098,Actual Hours,True,True,True,True,"Actual Hours, Actual Hours[Number], cf[10098]",PROJECT,10018,number,com.atlassian.jira.plugin.system.customfieldtypes:float,10098.0,,
customfield_10099,customfield_10099,Delay Reason,True,True,True,True,"cf[10099], Delay Reason, Delay Reason[Short text]",PROJECT,10018,string,com.atlassian.jira.plugin.system.customfieldtypes:textfield,10099.0,,
security,security,Security Level,False,True,True,True,level,,,securitylevel,,0.0,security,
attachment,attachment,Attachment,False,True,False,True,attachments,,,array,,0.0,attachment,
customfield_10080,customfield_10080,Estimated Hours,True,True,True,True,"cf[10080], Estimated Hours, Estimated Hours[Number]",PROJECT,10012,number,com.atlassian.jira.plugin.system.customfieldtypes:float,10080.0,,
customfield_10081,customfield_10081,Delay Reason,True,True,True,True,"cf[10081], Delay Reason, Delay Reason[Short text]",PROJECT,10012,string,com.atlassian.jira.plugin.system.customfieldtypes:textfield,10081.0,,
customfield_10082,customfield_10082,Task Type,True,True,True,True,"cf[10082], Task Type, Task Type[Dropdown]",PROJECT,10012,option,com.atlassian.jira.plugin.system.customfieldtypes:select,10082.0,,
customfield_10083,customfield_10083,Technology,True,True,True,True,"cf[10083], Technology, Technology[Checkboxes]",PROJECT,10011,array,com.atlassian.jira.plugin.system.customfieldtypes:multicheckboxes,10083.0,,
customfield_10084,customfield_10084,Completion Date,True,True,True,True,"cf[10084], Completion Date, Completion Date[Date]",PROJECT,10011,date,com.atlassian.jira.plugin.system.customfieldtypes:datepicker,10084.0,,
customfield_10085,customfield_10085,Delay reason,True,True,True,True,"cf[10085], Delay reason, Delay reason[Short text]",PROJECT,10011,string,com.atlassian.jira.plugin.system.customfieldtypes:textfield,10085.0,,
